region,salary_in_usd
Africa,40229.4
Americas,82710.09302325582
Asia,52156.11666666667
Europe,63403.86956521739
Oceania,112282.0
